ID,Purposes
1,What is the highest (or maximum) page count recorded in the menu table?
2,What is the average page numbers for the menus?
3,Determine the number of distinct event types in the dataset.
4,"List number of rows where the menu event is specifically marked as ""DINNER""."
5,"List number of rows where the menu event is marked as ""LUNCHEON"""
6,Identify the number of unique venues present in the dataset.
7,Find number of menus that are for Daily used occasion.
8,"Determine the number of unique occasions in the dataset, replacing any missing values with UNKNOWN"
9,Evaluate whether the menu page design needs redesign by identifying the highest dish count-to-page count ratio.
12,"Identify how many locations offer menus with more than 8 pages, replacing any missing or unexist locations with ""UNKNOWN""."
13,Identify sponsors who have published that they accept Dollars.
14,Find the sponsors that offer the highest number of dishes on their menu.
15,Identify which sponsors offer breakfast.
16,Identify which sponsors offer lunch.
17,Identify which sponsors offer dinner.
18,Identify sponsors that have two or more events available.
31,Count how many types of risks are recorded in the dataset.
32,What percentages of businesses are inspected as 'out of business'?
33,Identify the main facility types that are inspected.
34,Identify which facility types are inspected least frequently.
36,"List all failed inspections for the establishment with the DBA name ""7-Eleven."""
37,"Calculate the inspection passing rate (number of passing inspections/total inspections) for each brand (the same DBA Name), sorting to identify the best brand."
38,List the facilities with the best inspection ratings: Risk 3 (Low).
39,List the facilities with the worst inspection ratings: Risk 1 (High)
40,Identify the most frequently occurring risk rating for each facility type.
41,Identify the facility type associated with the high public risk (risk level is Risk 1).
42,Determine how many grocery stores -a facility type are classified as high risk (Risk 1).
49,"Determine the number of school restaurants that are the safest in terms of standards and quality, as indicated by the lowest risk level and inspection results."
52,Identify the addresses of facilities that are considered safe for food consumption based on risk (Risk 3 (Low)) and inspection results (pass).
62,Calculate the average loan amount across all PPP loans.
63,What's the highest LoanAmount?
64,What's the lowest LoanAmount?
65,Report all NAICS Codes that indicate job counts greater than 3.0.
66,Examine if a correlation exists between jobs reported and the loan amount received.
67,Determine how many PPP loans were disbursed in the city of Honolulu.
68,Identify the top 10 business types that received the most PPP loans.
69,Identify the types of businesses that received the highest amount of PPP loans and the corresponding dollar amounts.
70,Identify the types of businesses that received the lowest amount of PPP loans and the corresponding dollar amounts.
71,Check if multiple PPP loans were made to distinct companies sharing the same Zip code.
72,"For a given zip code, determine how many loans were provided."
73,"For a given zip code, calculate the total amount of all loans provided."
74,Which gender type received the most amount of PPP loans and dollar amount?
75,Which gender type districts received the least  amount of PPP loans and dollar amount?
76,Identify the cities that received the highest amount of PPP loans and the corresponding dollar amounts.
77,Identify the cities that received the lowest amount of PPP loans and the corresponding dollar amounts.
78,Determine the zip codes that received the highest amount of PPP loans and the corresponding dollar amounts.
79,Determine the zip codes that received the lowest amount of PPP loans and the corresponding dollar amounts.
80,Determine which races received the highest amount of PPP loans and the corresponding dollar amounts.
81,Determine which races received the lowest amount of PPP loans and the corresponding dollar amounts.
87,Calculate the ratio of total Loan Amount to Jobs Reported in each city (total Loan Amount in the city divided by total Jobs Reported in the city).
89,"Identify geography that have the highest loan amounts. Geography defined by the fields City, State, and Zip Code."
92,Calculate the average number of times each dish has appeared on the menu.
93,"Identify which dishes have been on the menu for the shortest duration, based on their 'first_appeared' and 'last_appeared' value."
94,"Identify which dishes have been on the menu for the longest duration, based on their 'first_appeared' and 'last_appeared' value."
98,Identify the cheapest dish based on the lowest price.
99,Identify the most expensive dish based on the lowest price.
100,Find dishes that first appeared before the year 2000.
101,Identify which dishes were the first to appear on the menu.
102,Determine which dishes were the most popular overall on the menus.
103,Determine which dishes were the least popular overall on the menus.
104,"Analyze how the highest price has evolved for the top 10 popular dishes, sorting the ""times_appeared"" column to define the popularity of the dishes."
105,"Analyze how the lowest price has evolved for the top 10 popular dishes, sorting the ""times_appeared"" column to define the popularity of the dishes."
106,Identify which dishes have experienced a lowest price difference.
107,Identify which dishes have experienced a highest price difference.
108,Compare the average price of a given dish.
109,Identify the 5 most popular dishes.
110,"Identify how the average price has changed for the top 10 most popular dishes, sorting by the ""times_appeared"" column to assess their popularity."
10,Calculate the average dish count per menu.
11,Identify the menu with the highest dish count-to-page count ratio.
19,Determine the average number of pages for menus across different venues.
20,Count the number of unique sponsors in the dataset.
21,List the number of rows where the event is specifically marked as 'BANQUET.'
22,Determine the total number of unique occasions across all menus.
23,Identify the top three venues with the highest average dish count per menu.
24,"Classify menus by their status, i.e., how many different status recorded in the table."
25,Identify menus where sponsors accept dollers as currency.
26,Analyze the trend of menu publication over time by counting the number of menus published per year.
27,"Evaluate whether menus created in later years (e.g., after 1950) tend to have higher dish count-to-page count ratio."
28,Identify venues where the page count exceeds 10.
29,Filter menus where the occasion column contains 'DAILY'.
30,How many different types of currency in menus?
35,Count the unique types of inspections.
43,Find the most common result for each facility.
44,Explore the proportion of inspections that result in a positive outcome.
45,Calculate the average number of inspections per facility type.
46,"What is the correlation between risk level and risk label? For example, is risk 1 always with high?"
47,Determine the facility type with the highest failure rate.
48,List the franchise with the most frequent inspections.
50,Count the number of inspections conducted as part of a complaint.
51,Locate facilities with positive inspection results.
53,"List the inspection results for all businesses with ""Risk 1 (Low)."""
54,Determine the most recent year of inspection dates.
55,Identify the most occurred business names.
56,List license IDs with the best inspection results (Pass).
57,Identify businesses where the inspection risk level varies significantly over time.
58,Identify the most common risk levels for inspections conducted in restaurant.
59,Identify businesses inspected on the most recent date.
60,Determine the id of facility type that are inspected in the most recent date.
127,Count the number of hospitals per city.
128,Explore whether larger cities host more hospitals.
129,Calculate the average number of hospitals per county.
130,"Determine the top 3  counties whose hospital type is ""acute care hospitals"" offering emergency services."
131,Identify the hospital ownership types that are most common in cities with multiple ZIP codes.
132,Compute the average length of hospital names grouped by hospital type and ownership.
133,"Count the number of hospitals offering emergency services by ""acute care hospitals"" hospital type."
134,Determine the most frequent combinations of hospital type and ownership.
135,"Count the number of hospitals by county, grouped by the presence or absence of emergency services."
136,Find the number of cities with hospitals owned by voluntary non-profits and offering emergency services.
137,Find hospital types among different counties.
138,Identify cities where critical access hospitals are primarily government-owned.
139,Count ZIP codes based on the diversity of hospital types and ownerships.
140,Determine the top 3 cities with the highest ratio of acute care hospitals to total hospitals.
141,Analyze how hospital types evolve across the ZIP code of one city.
142,Analyze trends in emergency service availability across hospital types with the highest hospital counts.
143,Analyze whether the hospital owernship changed among counties for the same type.
144,Assess the relationship between hospital ownership and the likelihood of offering emergency services.
145,Investigate correlations between city size (estimated by the number of hospitals) and the prevalence of emergency services.
146,Explore the relationship between hospital types and their geographical distribution by ZIP code.
147,Analyze how ownership type correlates with hospital type.
148,Retrieve the number of counties that offer the emergency services.
149,Filter for hospitals owned by governments that are located in ZIP codes with multiple hospital types.
150,How many hospital types offer emergency services.
151,Query hospitals in cities with voluntary non-profit ownership and their hospital type.
152,Identify cities where government-owned hospitals dominate the hospital landscape.
153,Determine the relationship between ZIP code density and the likelihood of offering emergency services.
154,Filter for hospitals located in cities with at least three different hospital ownership types.
111,Calculate the average delay in departure times across all flights. Keep A.M. and P.M. unchanged.
112,Calculate the average flight duration based on scheduled times.
113,Determine the airline carrier with the best on-time departure performance.
114,Count the number of flights operated by each airline carrier.
115,Identify the most frequent flight number in the dataset.
116,Determine the number of flights arriving in the evening (after 6 PM).
117,Group flights by airline carrier and count the number of on-time arrivals.
118,"Classify flights based on whether they are ""on-time,"" ""early,"" or ""delayed."""
119,"Categorize flights based on arrival times into ""A.M."" and ""P.M.""."
120,"Identify which airline carrier handles the most ""delayed"" flights."
121,Detect flights where the actual departure time is earlier than scheduled.
122,"Identify flights with unrealistic durations (e.g., arrival time before departure time)."
123,Analyze the trend of delayed departures by hour of the day.
124,Identify the hour with the highest number of on-time arrivals.
125,Track the monthly performance of airline carriers in terms of on-time departures.
126,List the top 5 flights with the largest discrepancy between scheduled and actual times.
