ID,Purposes,tg_columns,Operations,Category,
1,Find the longest menu served (by page count).,page_count,numeric,Descriptive Statistics,
2,What is the average page numbers for the menus?,page_count,numeric,Descriptive Statistics,
3,Determine the number of distinct event types in the dataset.,event,"trim, mass_edit, upper",Counting and Grouping,
4,"List number of rows where the menu event is specifically marked as ""DINNER"".",event,"trim, mass_edit, upper",Counting and Grouping,
5,"List number of rows where the menu event is marked as ""LUNCHEON""",event,"trim, mass_edit, upper",Counting and Grouping,
6,Identify the number of unique venues present in the dataset.,venue,"split_column, mass_edit, regexr_transform",Counting and Grouping,
7,Find number of menus that are for Daily used occasion.,occasion,"mass_edit, upper",Category or Type Classification,
8,"Determine the number of unique occasions in the dataset, replacing any missing values with UNKNOWN",occasion,"mass_edit, upper",Category or Type Classification,
9,Evaluate whether the menu page design needs redesign by identifying the highest dish count-to-page count ratio.,"page_count, dish_count",numeric,Time-based Analysis,
10,Calculate the average dish count per menu.,dish_count,"regexr_transform, numeric",Descriptive Statistics,
11,Identify the menu with the highest dish count-to-page count ratio.,"page_count, dish_count","regexr_transform, numeric",Descriptive Statistics,
12,"Identify how many locations offer menus with more than 8 pages, replacing any missing or unexist locations with
""UNKNOWN"".","page_count, location","numeric, mass_edit, trim, upper",Filtering and Specific Queries,
13,Identify sponsors who have published that they accept Dollars.,"sponsor, currency","mass_edit, upper,trim",Category or Type Classification,
14,Find the sponsors that offer the highest number of dishes on their menu.,"sponsor, dish_count","mass_edit, upper, numeric",Descriptive Statistics,
15,Identify which sponsors offer breakfast.,"sponsor, event","mass_edit, upper, trim",Category or Type Classification,
16,Identify which sponsors offer lunch.,"sponsor, event","mass_edit, upper, trim",Category or Type Classification,
17,Identify which sponsors offer dinner.,"sponsor, event","mass_edit, upper, trim",Category or Type Classification,
18,Identify sponsors that have two or more events available.,"sponsor, event","mass_edit, upper, trim,regexr_transform",Category or Type Classification,
19,Determine the average number of pages for menus across different venues.,"page_count, venue","regexr_transform, numeric, mass_edit, upper, trim",Descriptive Statistics,
20,Count the number of unique sponsors in the dataset.,sponsor,"regexr_transform, upper, mass_edit, trim",Counting and Grouping,
21,List the number of rows where the event is specifically marked as 'BANQUET.',event,"mass_edit, upper, trim",Counting and Grouping,
22,Determine the total number of unique occasions across all menus.,occasion,"trim, mass_edit",Counting and Grouping,
23,Identify the top three venues with the highest average dish count per menu.,"venue, dish_count","mass_edit, upper, trim, regexr_transform, numeric",Descriptive Statistics,
24,"Classify menus by their status, i.e., how many different status recorded in the table.",status,"mass_edit, upper, trim",Category or Type Classification,
25,Identify menus where sponsors accept dollers as currency.,"sponsor, currency","regexr_transform, upper, mass_edit, trim",Category or Type Classification,
26,Analyze the trend of menu publication over time by counting the number of menus published per year.,date,"date, regexr_transform",Time-based Analysis,
27,"Evaluate whether menus created in later years (e.g., after 1950) tend to have higher dish count-to-page count ratio.","date, page_count, dish_count","date, regexr_transform, numeric",Time-based Analysis,
28,Identify venues where the page count exceeds 10.,"page_count, venue","regexr_transform, mass_edit, upper, trim,numeric",Filtering and Specific Queries,
29,Filter menus where the occasion column contains 'DAILY'.,occasion,"trim, mass_edit",Filtering and Specific Queries,
30,How many different types of currency in menus?,currency,"mass_edit, trim",Filtering and Specific Queries,
31,Count how many types of risks are recorded in the dataset.,Risk,mass_edit,Counting and Grouping,
32,What percentages of businesses are inspected as out of business? ,Results,"mass_edit, upper",Descriptive Statistics,
33,Identify the main facility types that are inspected.,Facility Type,"mass_edit, upper,trim",Counting and Grouping,
34,Identify which facility types are inspected least frequently.,Facility Type,"mass_edit, upper, trim",Counting and Grouping,
35,Count the unique types of inspections.,Inspection Type,"upper, trim, mass_edit",Counting and Grouping,
36,"List all failed inspections for the establishment with the DBA name ""7-Eleven.""","DBA Name, Results","mass_edit, upper, trim",Filtering and Specific Queries,
37,"Calculate the inspection passing rate (number of passing inspections/total inspections) for each brand (the same DBA Name), 
sorting to identify the best brand.","DBA Name, Results","mass_edit,upper, trim",Descriptive Statistics,
38,List the facilities with the best inspection ratings: Risk 3 (Low).,"Facility Type, Risk","upper, mass_edit",Descriptive Statistics,
39,List the facilities with the worst inspection ratings: Risk 1 (High).,"Facility Type, Risk","mass_edit, upper, trim, regexr_transform",Descriptive Statistics,
40,Identify the most frequently occurring risk rating for each facility type.,"Facility Type, Risk","trim, upper, mass_edit",Counting and Grouping,
41,Identify the facility type associated with the high public risk (risk level is Risk 1).,"Facility Type, Risk","trim, upper, mass_edit",Category or Type Classification,
42,Determine how many grocery stores are classified as high risk (Risk 1).,"Facility Type, Risk","upper, trim, mass_edit, regexr_transform",Counting and Grouping,
43,Find the most common result for each facility.,"Facility Type, Results","trim, mass_edit, upper, regexr_transform",Counting and Grouping,
44,Explore the proportion of inspections that result in a positive outcome.,Results,"upper, trim, mass_edit",Descriptive Statistics,
45,Calculate the average number of inspections per facility type.,"Facility Type, Inspection ID","mass_edit, regexr_transform, trim, upper, numeric",Descriptive Statistics,
46,"What is the correlation between risk level and risk label? For example, is risk 1 always with high?",Risk,"regexr_transform, mass_edit, trim",Filtering and Specific Queries,
47,Determine the facility type with the highest failure rate.,"Facility Type, Results","mass_edit, regexr_transform, trim, upper",Descriptive Statistics,
48,List the franchise with the most frequent inspections.        ,"DBA Name, Inspection ID","regexr_transform, mass_edit, trim, numeric",Filtering and Specific Queries,
49,"Determine the number of school restaurants that are the safest in terms of standards and quality, 
as indicated by the lowest risk level and inspection results.","Facility Type, Risk, Results","trim, upper, mass_edit",Time-based Analysis,
50,Count the number of inspections conducted as part of a complaint.,Inspection Type,"mass_edit, trim, upper",Descriptive Statistics,
51,Locate facilities with positive inspection results.,"Facility Type,Results","trim, upper, mass_edit, regexr_transform",Filtering and Specific Queries,
52,"Identify the addresses of facilities that are considered safe for food consumption based on risk (Risk 3 (Low)) 
and inspection results (pass).","Address, Risk, Results","upper, trim, regexr_transform, mass_edit",Filtering and Specific Queries,
53,"List the inspection results for all businesses with ""Risk 1 (Low).""","Risk, Results","trim, mass_edit, upper, regexr_transform",Filtering and Specific Queries,
54,Determine the most recent year of inspection dates.,Inspection Date,"regexr_transform, trim, date",Time-based Analysis,
55,Identify the most occurred business names.,DBA Name,"regexr_transform, trim, upper, mass_edit",Counting and Grouping,
56,List license IDs with the best inspection results (Pass).,"License #, Results","trim, regexr_transform, mass_edit, upper, numeric",Descriptive Statistics,
57,Identify businesses where the inspection risk level varies significantly over time.,"DBA Name, Risk, Inspection Date","regexr_transform, trim, upper, mass_edit, date",Time-based Analysis,
58,Identify the most common risk levels for inspections conducted in restaurant.,"Facility Type, Risk","regexr_transform, trim, upper, mass_edit",Counting and Grouping,
59,Identify businesses inspected on the most recent date.,"DBA Name, Inspection Date","regexr_transform, trim, upper, date",Time-based Analysis,
60,Determine the id of facility type that are inspected in the most recent date.,"Facility Type, Inspection ID, Inspection Date","regexr_transform, trim, numeric, mass_edit, upper, date",Descriptive Statistics,
62,Calculate the average loan amount across all PPP loans.,LoanAmount,numeric,Descriptive Statistics,
63,What's the highest LoanAmount?,LoanAmount,numeric,Descriptive Statistics,
64,What's the lowest LoanAmount?,LoanAmount,numeric,Descriptive Statistics,
65,Report all NAICS Codes that indicate job counts greater than 3.0.,"NAICSCode, JobsReported",numeric,Filtering and Specific Queries,
66,Examine if a correlation exists between jobs reported and the loan amount received.,"JobsReported, LoanAmount",numeric,Correlations and Relationships,
67,Determine how many PPP loans were disbursed in the city of Honolulu.,City,"mass_edit, upper, trim,regexr_transform",Filtering and Specific Queries,
68,Identify the top 10 business types that received the most PPP loans.,"BusinessType, LoanAmount","mass_edit, trim, numeric, regexr_transform,upper",Counting and Grouping,
69,Identify the types of businesses that received the highest amount of PPP loans and the corresponding dollar amounts.,"BusinessType, LoanAmount","mass_edit, trim, numeric, regexr_transform,upper",Descriptive Statistics,
70,Identify the types of businesses that received the lowest amount of PPP loans and the corresponding dollar amounts.,"BusinessType, LoanAmount","mass_edit, trim, numeric, regexr_transform,upper",Descriptive Statistics,
71,Check if multiple PPP loans were made to distinct companies sharing the same Zip code.,"BusinessType, Zip","mass_edit, trim, numeric, regexr_transform,upper",Correlations and Relationships,
72,"For a given zip code, determine how many loans were provided.","Zip, LoanAmount","numeric, regexr_transform, trim",Descriptive Statistics,
73,"For a given zip code, calculate the total amount of all loans provided.","Zip, LoanAmount","numeric , regexr_transform, trim",Descriptive Statistics,
74,Which gender type received the most amount of PPP loans and dollar amount? ,"Gender, LoanAmount","mass_edit, trim, numeric, regexr_transform,upper",Descriptive Statistics,
75,Which gender type districts received the least  amount of PPP loans and dollar amount? ,"Gender, LoanAmount","mass_edit, trim, numeric, upper",Descriptive Statistics,
76,Identify the cities that received the highest amount of PPP loans and the corresponding dollar amounts.,"City, LoanAmount","mass_edit, trim, numeric, regexr_transform,upper",Descriptive Statistics,
77,Identify the cities that received the lowest amount of PPP loans and the corresponding dollar amounts.,"City, LoanAmount","mass_edit, trim, numeric, regexr_transform,upper",Descriptive Statistics,
78,Determine the zip codes that received the highest amount of PPP loans and the corresponding dollar amounts.,"Zip, LoanAmount","numeric , regexr_transform, trim",Descriptive Statistics,
79,Determine the zip codes that received the lowest amount of PPP loans and the corresponding dollar amounts.,"Zip, LoanAmount","numeric , regexr_transform, trim",Descriptive Statistics,
80,Determine which races received the highest amount of PPP loans and the corresponding dollar amounts.,"RaceEthnicity, LoanAmount","mass_edit, trim, numeric, regexr_transform,upper",Descriptive Statistics,
81,Determine which races received the lowest amount of PPP loans and the corresponding dollar amounts.,"RaceEthnicity, LoanAmount","mass_edit, trim, numeric, regexr_transform,upper",Descriptive Statistics,
87,Calculate the ratio of total Loan Amount to Jobs Reported in each city (total Loan Amount in the city divided by total Jobs Reported in the city).,"City, LoanAmount, JobsReported","mass_edit, trim, numeric, regexr_transform,upper",Correlations and Relationships,
89,"Identify geography that have the highest loan amounts. Geography defined by the fields City, and Zip Code.","City, LoanAmount, Zip","mass_edit, trim, numeric, regexr_transform,upper",Descriptive Statistics,
92,Calculate the average number of times each dish has appeared on the menu.,times_appeared,numeric ,Descriptive Statistics,
93,"Identify which dishes have been on the menu for the shortest duration, based on their 'first_appeared' and 'last_appeared' dates.","name, first_appeared, last_appeared","numeric,trim,upper,regexr_transform",Time-based Analysis,
94,"Identify which dishes have been on the menu for the longest duration, based on their 'first_appeared' and 'last_appeared' dates.","name, first_appeared, last_appeared","numeric , trim,upper, regexr_transform",Time-based Analysis,
98,Identify the cheapest dish based on the lowest price.,"name, lowest_price","numeric, trim, upper, regexr_transform",Descriptive Statistics,
99,Identify the most expensive dish based on the highest price.,"name, highest_price","numeric, trim, upper, regexr_transform",Descriptive Statistics,
100,Find dishes that first appeared before the year 2000.,"name, first_appeared","numeric, regexr_transform, trim, upper",Time-based Analysis,
101,Identify which dishes were the first to appear on the menu.,"name, first_appeared","numeric, regexr_transform, trim, upper",Time-based Analysis,
102,Determine which dishes were the most popular overall on the menus.,"name, menus_appeared","numeric, regexr_transform, trim, upper",Descriptive Statistics,
103,Determine which dishes were the least popular overall on the menus.,"name, menus_appeared","numeric, regexr_transform, trim, upper",Descriptive Statistics,
104,"Analyze how the highest price has evolved for the top 10 popular dishes, sorting the ""times_appeared"" column to define the popularity of the dishes.","name, times_appeared, highest_price","numeric, regexr_transform, trim, upper",Time-based Analysis,
105,"Analyze how the lowest price has evolved for the top 10 popular dishes, sorting the ""times_appeared"" column to define the popularity of the dishes.","name, times_appeared, lowest_price","numeric, regexr_transform, trim, upper",Time-based Analysis,
106,Identify which dishes have experienced a lowest price difference.,"name, highest_price, lowest_price","numeric, regexr_transform, trim, upper",Descriptive Statistics,
107,Identify which dishes have experienced a highest price difference.,"name, highest_price, lowest_price","numeric, regexr_transform, trim, upper",Descriptive Statistics,
108,Compare the average price of a given dish.,"name,  highest_price, lowest_price","numeric, regexr_transform, trim, upper",Descriptive Statistics,
109,Identify the 5 most popular dishes.,"name, menus_appeared, times_appeared","numeric, regexr_transform, trim, upper",Counting and Grouping,
110,"Identify how the average price has changed for the top 10 most popular dishes, sorting by the ""times_appeared"" 
column to assess their popularity. ","name, times_appeared, highest_price, 
lowest_price","numeric, regexr_transform, trim, upper",Time-based Analysis,
111,Calculate the average delay in departure times across all flights.,"sched_dep_time, act_dep_time","regexr_transform, trim, upper, date",Descriptive Statistics,
112,Calculate the average flight duration based on scheduled times.,"sched_dep_time, sched_arr_time","regexr_transform, trim, upper,date",Descriptive Statistics,
113,Determine the airline carrier with the best on-time departure performance.,"src, sched_dep_time, act_dep_time","regexr_transform, trim, upper, mass_edit,date",Descriptive Statistics,
114,Count the number of flights operated by each airline carrier.,src,"trim, upper, mass_edit",Counting and Grouping,
115,Identify the most frequent flight number in the dataset.,flight,"trim, upper",Counting and Grouping,
116,Determine the number of flights arriving in the evening (after 6 PM).,sched_arr_time,"trim, upper,date",Filtering and Specific Queries,
117,Group flights by airline carrier and count the number of on-time arrivals.,"src, act_arr_time, sched_arr_time","regexr_transform, trim, upper, mass_edit,date",Counting and Grouping,
118,Classify flights based on whether the scheduled departure time is later than the actual.,"sched_dep_time, act_dep_time","regexr_transform, trim, upper, date",Category or Type Classification,
119,Count how many scheduled arrival times fall within the morning period (6:00 AM - 11:59 AM).,sched_arr_time,"regexr_transform, trim, date",Category or Type Classification,
120,"Identify which airline carrier handles the most ""delayed"" flights.","src, sched_dep_time, act_dep_time","regexr_transform, trim, upper, mass_edit,date",Category or Type Classification,
121,Detect flights where the actual departure time is earlier than scheduled.,"act_dep_time, sched_dep_time","regexr_transform, trim, date,upper",Filtering and Specific Queries,
122,"Identify flights with unrealistic durations (e.g., arrival time before departure time).","act_dep_time, act_arr_time","regexr_transform, trim, date,upper",Filtering and Specific Queries,
123,Analyze the trend of delayed departures by hour of the day.,"sched_dep_time, act_dep_time","regexr_transform, trim, date,upper",Time-based Analysis,
124,Identify the hour with the highest number of on-time arrivals.,"sched_arr_time, act_arr_time","regexr_transform, trim, date,upper",Time-based Analysis,
125,Track the monthly performance of airline carriers in terms of on-time departures.,"src, sched_dep_time, act_dep_time","regexr_transform, trim, upper, mass_edit,date",Time-based Analysis,
126,Count how many flights with the scheduled and actual arrival time difference.,"sched_arr_time, act_arr_time","regexr_transform, trim, date,upper",Filtering and Specific Queries,llama 3.1 do not work
127,Count the number of hospitals per city.,City,"trim,upper, mass_edit",Counting and Grouping,
128,Explore whether larger cities host more hospitals.,City,"trim,upper, mass_edit",Correlations and Relationships,
129,Calculate the average number of hospitals per county.,CountyName,"trim,upper, mass_edit",Descriptive Statistics,
130,"Determine the top 3  counties whose hospital type is ""acute care hospitals"" offering emergency services.","HospitalType, CountyName, EmergencyService","trim,upper, mass_edit, regexr_transform",Descriptive Statistics,
131,Identify the hospital ownership types that are most common in cities with multiple ZIP codes.,"HospitalOwner, City, ZipCode","trim,upper, mass_edit, regexr_transform, numeric",Descriptive Statistics,
132,Compute the average length of hospital names grouped by hospital type and ownership.,"HospitalName, HospitalType, HospitalOwner","trim,upper, mass_edit, regexr_transform",Descriptive Statistics,
133,"Count the number of hospitals offering emergency services by ""acute care hospitals"" hospital type.","EmergencyService, HospitalType","trim,upper, mass_edit, regexr_transform",Counting and Grouping,
134,Determine the most frequent combinations of hospital type and ownership.,"HospitalType, HospitalOwner","trim,upper, mass_edit, regexr_transform",Counting and Grouping,
135,"Count the number of hospitals by county, grouped by the presence or absence of emergency services.","CountyName, EmergencyService","trim,upper, mass_edit, regexr_transform",Counting and Grouping,
136,Find the number of cities with hospitals owned by voluntary non-profits and offering emergency services.,"City, HospitalOwner, EmergencyService","trim,upper, mass_edit, regexr_transform",Counting and Grouping,
137,Find hospital types among different counties.,"CountyName, HospitalType","trim,upper, regexr_transform, mass_edit",Category or Type Classification,
138,Identify cities where critical access hospitals are primarily government-owned.,"HospitalType, HospitalOwner, City","trim,upper, regexr_transform, mass_edit",Category or Type Classification,
139,Count ZIP codes based on the diversity of hospital types and ownerships.,"ZipCode, HospitalType, HospitalOwner","trim, numeric, upper, regexr_transform, mass_edit",Category or Type Classification,
140,Determine the top 3 cities with the highest ratio of acute care hospitals to total hospitals.,"City, HospitalType","trim,upper, regexr_transform, mass_edit",Category or Type Classification,
141,Analyze how hospital types evolve across the ZIP code of one city.,"HospitalType, City, ZipCode","trim, numeric, upper, regexr_transform, mass_edit",Time-based Analysis,
142,Analyze trends in emergency service availability across hospital types with the highest hospital counts.,"EmergencyService, HospitalType","trim, regexr_transform, mass_edit, upper",Time-based Analysis,
143,Analyze whether the hospital owernship changed among counties for the same type.,"CountyName, HospitalOwner, HospitalType","trim, regexr_transform, mass_edit, upper",Time-based Analysis,
144,Assess the relationship between hospital ownership and the likelihood of offering emergency services.,"HospitalOwner, EmergencyService","trim, regexr_transform, mass_edit, upper",Correlations and Relationships,
145,Investigate correlations between city size (estimated by the number of hospitals) and the prevalence of emergency services.,"City, EmergencyService","trim, regexr_transform, mass_edit, upper",Correlations and Relationships,
146,Explore the relationship between hospital types and their geographical distribution by ZIP code.,"HospitalType, ZipCode","trim, numeric, upper, regexr_transform, mass_edit",Correlations and Relationships,
147,Analyze how ownership type correlates with hospital type.,"HospitalOwner, HospitalType","trim, mass_edit, upper, regexr_transform",Correlations and Relationships,
148,Retrieve the number of counties that offer the emergency services.,"EmergencyService, CountyName","trim, upper, mass_edit",Filtering and Specific Queries,
149,Filter for hospitals owned by governments that are located in ZIP codes with multiple hospital types.,"HospitalOwner, ZipCode, HospitalType","trim, numeric, upper, regexr_transform, mass_edit",Filtering and Specific Queries,
150,How many hospital types offer emergency services.,"HospitalType, EmergencyService","trim, regexr_transform, mass_edit, upper",Filtering and Specific Queries,
151,Query hospitals in cities with voluntary non-profit ownership and their hospital type.,"City, HospitalOwner, HospitalType","trim, regexr_transform, mass_edit, upper",Filtering and Specific Queries,
152,Identify cities where government-owned hospitals dominate the hospital landscape.,"HospitalOwner, City","trim, mass_edit, upper, regexr_transform",Category or Type Classification,
153,Determine the relationship between ZIP code density and the likelihood of offering emergency services.,"ZipCode, EmergencyService","trim, mass_edit, upper, numeric",Correlations and Relationships,
154,Filter for hospitals located in cities with at least three different hospital ownership types.,"City, HospitalOwner","trim, mass_edit, upper, regexr_transform",Filtering and Specific Queries,