ID,Purposes,Purpose,Category
1,Find the longest menu served (by page count).,Find the longest menu served (by page count),Descriptive Statistics
2,What is the average page numbers for the menus?,What is the average page numbers for the menus?,Descriptive Statistics
3,Determine the number of distinct event types in the dataset.,Determine the number of distinct event types in the dataset.,Counting and Grouping
4,"List number of rows where the menu event is specifically marked as ""DINNER"".","List number of rows where the menu event is specifically marked as ""DINNER"".",Counting and Grouping
5,"List number of rows where the menu event is marked as ""LUNCHEON""","List number of rows where the menu event is marked as ""LUNCHEON""",Counting and Grouping
6,Identify the number of unique venues present in the dataset.,Identify the number of unique venues present in the dataset.,Counting and Grouping
7,Find number of menus that are for Daily used occasion.,Find number of menus that are for Daily used occasion.,Category or Type Classification
8,"Determine the number of unique occasions in the dataset, replacing any missing values with UNKNOWN","Determine the number of unique occasions in the dataset, replacing any missing values with UNKNOWN",Category or Type Classification
9,Evaluate whether the menu page design needs redesign by identifying the highest dish count-to-page count ratio.,Evaluate whether the menu page design needs redesign by identifying the highest dish count-to-page count ratio.,Time-based Analysis
12,"Identify how many locations offer menus with more than 8 pages, replacing any missing or unexist locations with
""UNKNOWN"".","Identify how many locations offer menus with more than 8 pages, replacing any missing or unexistent locations with ""UNKNOWN"".",Filtering and Specific Queries
13,Identify sponsors who have published that they accept Dollars.,Identify sponsors who have published that they accept Dollars.,Category or Type Classification
14,Find the sponsors that offer the highest number of dishes on their menu.,Find the sponsors that offer the highest number of dishes on their menu.,Descriptive Statistics
15,Identify which sponsors offer breakfast.,Identify which sponsors offer breakfast.,Category or Type Classification
16,Identify which sponsors offer lunch.,Identify which sponsors offer lunch.,Category or Type Classification
17,Identify which sponsors offer dinner.,Identify which sponsors offer dinner.,Category or Type Classification
18,Identify sponsors that have two or more events available.,Identify sponsors that have two or more events available.,Category or Type Classification
31,Count how many types of risks are recorded in the dataset.,Count how many types of risks are recorded in the dataset.,Counting and Grouping
32,What percentages of businesses are inspected as out of business? ,What percentages of businesses are inspected as out of business?,Descriptive Statistics
33,Identify the main facility types that are inspected.,Identify the main facility types that are inspected.,Counting and Grouping
34,Identify which facility types are inspected least frequently.,Identify which facility types are inspected least frequently.,Counting and Grouping
36,"List all failed inspections for the establishment with the DBA name ""7-Eleven.""","List all failed inspections for the establishment with the DBA name ""7-Eleven.""",Filtering and Specific Queries
37,"Calculate the inspection passing rate (number of passing inspections/total inspections) for each brand (the same DBA Name), 
sorting to identify the best brand.","Calculate the inspection passing rate (number of passing inspections/total inspections) for each brand (the same DBA Name), sorting to identify the best brand.",Descriptive Statistics
38,List the facilities with the best inspection ratings: Risk 3 (Low).,List the facilities with the best inspection ratings: Risk 3 (Low).,Descriptive Statistics
39,List the facilities with the worst inspection ratings: Risk 1 (High).,List the facilities with the worst inspection ratings: Risk 1 (High).,Descriptive Statistics
40,Identify the most frequently occurring risk rating for each facility type.,Identify the most frequently occurring risk rating for each facility type.,Counting and Grouping
41,Identify the facility type associated with the high public risk (risk level is Risk 1).,Identify the facility type associated with the high public risk (risk level is Risk 1).,Category or Type Classification
42,Determine how many grocery stores are classified as high risk (Risk 1).,Determine how many grocery stores are classified as high risk (Risk 1).,Counting and Grouping
49,"Determine the number of school restaurants that are the safest in terms of standards and quality, 
as indicated by the lowest risk level and inspection results.","Determine the number of school restaurants that are the safest in terms of standards and quality, as indicated by the lowest risk level and inspection results.",Time-based Analysis
52,"Identify the addresses of facilities that are considered safe for food consumption based on risk (Risk 3 (Low)) 
and inspection results (pass).",Identify the addresses of facilities that are considered safe for food consumption based on risk (Risk 3 (Low)) and inspection results (pass).,Filtering and Specific Queries
62,Calculate the average loan amount across all PPP loans.,Calculate the average loan amount across all PPP loans.,Descriptive Statistics
63,What's the highest LoanAmount?,What's the highest LoanAmount?,Descriptive Statistics
64,What's the lowest LoanAmount?,What's the lowest LoanAmount?,Descriptive Statistics
65,Report all NAICS Codes that indicate job counts greater than 3.0.,Report all NAICS Codes that indicate job counts greater than 3.0.,Filtering and Specific Queries
66,Examine if a correlation exists between jobs reported and the loan amount received.,Examine if a correlation exists between jobs reported and the loan amount received.,Correlations and Relationships
67,Determine how many PPP loans were disbursed in the city of Honolulu.,Determine how many PPP loans were disbursed in the city of Honolulu.,Filtering and Specific Queries
68,Identify the top 10 business types that received the most PPP loans.,Identify the top 10 business types that received the most PPP loans.,Counting and Grouping
69,Identify the types of businesses that received the highest amount of PPP loans and the corresponding dollar amounts.,Identify the types of businesses that received the highest amount of PPP loans and the corresponding dollar amounts.,Descriptive Statistics
70,Identify the types of businesses that received the lowest amount of PPP loans and the corresponding dollar amounts.,Identify the types of businesses that received the lowest amount of PPP loans and the corresponding dollar amounts.,Descriptive Statistics
71,Check if multiple PPP loans were made to distinct companies sharing the same Zip code.,Check if multiple PPP loans were made to distinct companies sharing the same Zip code.,Correlations and Relationships
72,"For a given zip code, determine how many loans were provided.","For a given zip code, determine how many loans were provided.",Descriptive Statistics
73,"For a given zip code, calculate the total amount of all loans provided.","For a given zip code, calculate the total amount of all loans provided.",Descriptive Statistics
74,Which gender type received the most amount of PPP loans and dollar amount? ,Which gender type received the most amount of PPP loans and dollar amount?,Descriptive Statistics
75,Which gender type districts received the least  amount of PPP loans and dollar amount? ,Which gender type districts received the least amount of PPP loans and dollar amount?,Descriptive Statistics
76,Identify the cities that received the highest amount of PPP loans and the corresponding dollar amounts.,Identify the cities that received the highest amount of PPP loans and the corresponding dollar amounts.,Descriptive Statistics
77,Identify the cities that received the lowest amount of PPP loans and the corresponding dollar amounts.,Identify the cities that received the lowest amount of PPP loans and the corresponding dollar amounts.,Descriptive Statistics
78,Determine the zip codes that received the highest amount of PPP loans and the corresponding dollar amounts.,Determine the zip codes that received the highest amount of PPP loans and the corresponding dollar amounts.,Descriptive Statistics
79,Determine the zip codes that received the lowest amount of PPP loans and the corresponding dollar amounts.,Determine the zip codes that received the lowest amount of PPP loans and the corresponding dollar amounts.,Descriptive Statistics
80,Determine which races received the highest amount of PPP loans and the corresponding dollar amounts.,Determine which races received the highest amount of PPP loans and the corresponding dollar amounts.,Descriptive Statistics
81,Determine which races received the lowest amount of PPP loans and the corresponding dollar amounts.,Determine which races received the lowest amount of PPP loans and the corresponding dollar amounts.,Descriptive Statistics
87,Calculate the ratio of total Loan Amount to Jobs Reported in each city (total Loan Amount in the city divided by total Jobs Reported in the city).,Calculate the ratio of total Loan Amount to Jobs Reported in each city (total Loan Amount in the city divided by total Jobs Reported in the city).,Correlations and Relationships
89,"Identify geography that have the highest loan amounts. Geography defined by the fields City, State, and Zip Code.","Identify geography that has the highest loan amounts. Geography defined by the fields City, State, and Zip Code.",Descriptive Statistics
92,Calculate the average number of times each dish has appeared on the menu.,Calculate the average number of times each dish has appeared on the menu.,Descriptive Statistics
93,"Identify which dishes have been on the menu for the shortest duration, based on their 'first_appeared' and 'last_appeared' dates.","Identify which dishes have been on the menu for the shortest duration, based on their 'first_appeared' and 'last_appeared' dates.",Time-based Analysis
94,"Identify which dishes have been on the menu for the longest duration, based on their 'first_appeared' and 'last_appeared' dates.","Identify which dishes have been on the menu for the longest duration, based on their 'first_appeared' and 'last_appeared' dates.",Time-based Analysis
98,Identify the cheapest dish based on the lowest price.,Identify the cheapest dish based on the lowest price.,Descriptive Statistics
99,Identify the most expensive dish based on the highest price.,Identify the most expensive dish based on the highest price.,Descriptive Statistics
100,Find dishes that first appeared before the year 2000.,Find dishes that first appeared before the year 2000.,Time-based Analysis
101,Identify which dishes were the first to appear on the menu.,Identify which dishes were the first to appear on the menu.,Time-based Analysis
102,Determine which dishes were the most popular overall on the menus.,Determine which dishes were the most popular overall on the menus.,Descriptive Statistics
103,Determine which dishes were the least popular overall on the menus.,Determine which dishes were the least popular overall on the menus.,Descriptive Statistics
104,"Analyze how the highest price has evolved for the top 10 popular dishes, sorting the ""times_appeared"" column to define the popularity of the dishes.","Analyze how the highest price has evolved for the top 10 popular dishes, sorting the ""times_appeared"" column to define the popularity of the dishes.",Time-based Analysis
105,"Analyze how the lowest price has evolved for the top 10 popular dishes, sorting the ""times_appeared"" column to define the popularity of the dishes.","Analyze how the lowest price has evolved for the top 10 popular dishes, sorting the ""times_appeared"" column to define the popularity of the dishes.",Time-based Analysis
106,Identify which dishes have experienced a lowest price difference.,Identify which dishes have experienced a lowest price difference.,Descriptive Statistics
107,Identify which dishes have experienced a highest price difference.,Identify which dishes have experienced a highest price difference.,Descriptive Statistics
108,Compare the average price of a given dish.,Compare the average price of a given dish.,Descriptive Statistics
109,Identify the 5 most popular dishes.,Identify the 5 most popular dishes.,Counting and Grouping
110,"Identify how the average price has changed for the top 10 most popular dishes, sorting by the ""times_appeared"" 
column to assess their popularity. ","Identify how the average price has changed for the top 10 most popular dishes, sorting by the ""times_appeared"" column to assess their popularity.",Time-based Analysis